3423612;"Black & Decker 16"" 3.4 Amp Powered Handsaw With Storage Bag"
3423616;Bostitch 26 Gallon
3423617;Edsal Heavy-duty Workbench
3423618;Black & Decker 20-volt Matrix Drill
3423620;"Ad Tech Multi-temp Full Size 4"" Glue Sticks"
3423626;Black & Decker 1/4 Sheet Finisher Sander
3423637;Dremel Universal Drywall Jab Saw Blade
3423648;"Black And Decker 1/2"" 7-amp Variable Speed Drill"
3423653;Imaginisce I-bond Mini Glue Sticks
3423654;"Black & Decker 16"" 3.4 Amp Powered Handsaw With Storage Bag"
3423655;Bostitch 18v Lithium Drill/impact Combo Kit
3423659;Bostitch Prozhoze
3423661;Bostitch 26 Gallon
3423665;All Purpose Stik Glue Sticks
3423667;Black & Decker 6.0 Amp Accu-trak Saw With Smartselect
3423670;Bostitch Air Tool Inline Lubricator
3423675;Dremel Universal Drywall Jab Saw Blade
3423679;"Black And Decker 3/8"" 5-amp Variable Speed Drill With Keyless Chuck"
3423680;Bostitch 18v Lithium Drill/impact Combo Kit
3423691;Black & Decker Matrix Jig Saw Head Attachment
3423692;Bostitch Prozhoze
3423697;"Black & Decker 6.5a .5"" Vsr 2-speed Hammer Drill"
3423698;Rubbermaid Wall Washer Replacement Pads
3423702;"Bostitch 6.5 Amp 3/8"" Drill"
3423712;Dremel Saw-max Tool Kit
3423716;"Skil 7-1/4"" 150-tooth Steel Circular Saw Blade"
3423718;Hitachi 18-volt Lithium-ion Cordless Impact Driver
3423725;I-bond Cordless Hot Glue Gun
3423726;Skil 4v Max Lithium-ion Screwdriver
3423729;"Skil 7-1/4"" 40-tooth Carbide Tipped Circular Saw Blade"
3423730;All Purpose Stik Glue Sticks
3423735;Dremel Universal Carbide Flush Cut Blade
3423740;Bostitch 29-piece Screwdriving Set
3423742;Stanley Fatmax 7a Hammer Drill
3423747;"Powryte 3/8"" Air Impact Wrench"
3423763;Dremel Multi-max Mm40 Tool Kit
3423764;Ad-tech: High-temp Glue Sticks
3423765;Dewalt Dcf610s2r Drills / Drivers 
3423768;Great Neck 4.8v Cordless Screwdriver
3423770;Black & Decker 20v Max Lithium Drill/driver
3423773;Bostitch Low-profile Paper Tape Framing Nailer
3423774;Dremel Universal Carbide Flush Cut Blade
3423778;Black & Decker Smart Select Linefinder Orbital Jigsaw
3423781;Dremel 8v Max Cordless Rotary Tool
3423785;Black & Decker 6.0 Amp Accu-trak Saw With Smartselect
3423786;Bostitch Industrial Air Tool Swivel Plug
3423790;"Black And Decker 1/2"" 7-amp Variable Speed Drill"
3423799;"Black & Decker 6.5a .5"" Vsr 2-speed Hammer Drill"
3423803;Weller Welwes51 Analog Soldering Station With Power Unit
3423811;Black & Decker 20v Max Lithium Drill/driver
3423812;"Black & Decker 16"" 3.4 Amp Powered Handsaw With Storage Bag"
3423814;Bostitch 6 Gallon
3423816;Dremel Universal Carbide Flush Cut Blade
3423819;Ad Tech Designer Series Lo Temp Mini Glue Gun
3423820;"Bostitch 6.5 Amp 3/8"" Drill"
3423821;Bostitch 100 Ft Air Compressor Hose Prozhoze
3423836;Stanley Fatmax 7a Hammer Drill
3423839;Ad-tech: High-temp Glue Sticks
3423842;Black & Decker 58-piece Project Kit With 12v Lithium Drill/driver
3423843;Black & Decker Smart Select Linefinder Orbital Jigsaw
3423858;Black & Decker Matrix Jig Saw Head Attachment
3423859;Rotozip Ss355-10 Rotosaw
3423860;Black & Decker Matrix Trim Saw Head Attachment
3423863;Skil 4v Max Lithium-ion Screwdriver
3423873;"Bostitch 3/8"" Air Ratchet"
3423880;Edsal Heavy-duty Workbench
3423882;Metabo W8-115qwc Compact Class Professional Series Angle Grinder
3423883;Bostitch 2.5 Gallon
3423884;Bostitch 37-piece Quick Load Screwdriving Set
3423886;Great Neck 4.8v Cordless Screwdriver
3423887;"Skil 7-1/4"" 40-tooth Carbide Tipped Circular Saw Blade"
3423890;Black & Decker Smart Select Linefinder Orbital Jigsaw
3423899;"Black & Decker 5.2a 3.25"" Planer Kit"
3423907;Black & Decker 18v Cordless Drill Set
3423909;Black & Decker 56-piece Project Kit With 7.2v Lithium Drill/driver
3423911;Black & Decker Random Orbit Sander
3423916;Bostitch 1-1/2 Air Pressure Gauge
3423918;Black And Decker Platinum 20v Drill/driver With 2 Batteries
3423919;Bostitch 18v Lithium Drill/impact Combo Kit
3423923;"Black And Decker 3/8"" 5-amp Variable Speed Drill With Keyless Chuck"
3423938;Bostitch Prozhoze
3423942;Dremel Saw-max Tool Kit
3423945;Black & Decker 6.0 Amp Accu-trak Saw With Smartselect
3423950;I-bond Cordless Hot Glue Gun
3423953;Powryte Dual Action Air Sander
3423954;Dremel Universal Drywall Jab Saw Blade
3423955;"Ad Tech Multi-temp Full Size 4"" Glue Sticks"
3423956;Bostitch Air Tool Inline Lubricator
3423958;"Ad Tech Multi-temp Full Size 4"" Glue Sticks"
3423959;"Black & Decker 5.2 Amp 3/8"" Drill And Driver With Storage Bag"
3423960;Dremel 160-piece Accessory Kit
3423966;Skil 4v Max Lithium-ion Screwdriver
3423972;Black & Decker Random Orbit Sander
3423974;"Bostitch .5"" Vsr 2-speed Hammerdrill/drill"
3423976;Dremel 8300-01 12v Cordless Multi-max Oscillating Kit
3423977;"Bostitch 18v Lithium .25"" Hex Chuck Impact Driver Kit"
3423984;Fpc Glue Sticks
3423985;Ad Tech Designer Series Lo Temp Mini Glue Gun
3423988;Got Air Heavy Duty Portable Air Compressor
3423993;Black & Decker 6.0 Amp Accu-trak Saw With Smartselect
3423995;Bostitch Industrial Air Tool Swivel Plug
3424001;Dremel Multi-max Mm40 Tool Kit
3424003;Bostitch 18v Lithium Drill/impact Combo Kit
3424006;Edsal Heavy-duty Steel Workbench
3424010;Black & Decker Matrix Jig Saw Head Attachment
3424015;Dremel 8300-01 12v Cordless Multi-max Oscillating Kit
3424019;Bostitch 37-piece Quick Load Screwdriving Set
3424024;Dual-temp Mini Glue Gun Kit
3424026;Dual-temp Mini Glue Gun Kit
3424032;Black And Decker Pivot Screwdriver
3424039;Worx Semi Automatic Sd Driver
3424050;"Bostitch 18v Lithium 1/2"" Drill/driver Kit"
3424067;Black And Decker Pivot Screwdriver
3424068;Black & Decker Lithium Saw
3424071;"Ad Tech Multi-temp Standard 10"" Glue Sticks"
3424076;Powryte Air Reciprocating Saw
3424086;Black & Decker 20v Max Lithium Drill/driver
3424090;Black & Decker 3-speed Rtx Rotary Tool With Bonus Spring Clamps
3424091;Black & Decker 58-piece Project Kit With 12v Lithium Drill/driver
3424095;Bostitch Industrial Air Tool Swivel Plug
3424104;Rubbermaid Wall Washer Replacement Pads
3424108;Fpc Glue Sticks
3424112;Bostitch Air Compressor Blowgun
3424114;"Black & Decker 5.2a 3.25"" Planer Kit"
3424115;Black & Decker Matrix Sanding Head Attachment
3424116;"Black And Decker 3/8"" 5-amp Variable Speed Drill With Keyless Chuck"
3424118;Black & Decker 3-speed Rtx Rotary Tool With Bonus Spring Clamps
3424123;Bostitch Industrial Air Tool Swivel Plug
3424125;Black & Decker 1/4 Sheet Finisher Sander
3424126;All Purpose Stik Glue Sticks
3424132;"Bostitch 6.5 Amp 3/8"" Drill"
3424135;"Black And Decker 3/8"" 5-amp Variable Speed Drill With Keyless Chuck"
3424142;Rotozip Ss355-10 Rotosaw
3424143;Black & Decker 1/4 Sheet Finisher Sander
3424144;Skil 4-position Orbital Jigsaw With Laser Guide
3424151;Dremel Multi-max Mm40 Tool Kit
3424152;Black & Decker 1/4 Sheet Finisher Sander
3424158;Black & Decker Smart Select Linefinder Orbital Jigsaw
3424165;Bostitch 2.5 Gallon
3424167;Metabo W8-115qwc Compact Class Professional Series Angle Grinder
3424170;Bostitch 2.5 Gallon
3424175;Black & Decker 58-piece Project Kit With 12v Lithium Drill/driver
3424176;Worx Semi Automatic Sd Driver
3424177;Worx Semi Automatic Sd Driver
3424179;Dremel Universal Carbide Flush Cut Blade
3424184;Dual-temp Ultra Glue Gun
3424199;Irwin 30-piece Drive Set
3424204;Bostitch Gravity Feed Spray Air Gun
3424207;Black & Decker Matrix Trim Saw Head Attachment
3424211;Swisher 28 Ton 8.75 Gross Torque Log Splitter
3424214;Ad-tech: High-temp Glue Sticks
3424217;Skil 4v Max Lithium-ion Screwdriver
3424221;Chicago Power Tools Power Drill Accessory Set
3424222;Skil 4v Max Lithium-ion Screwdriver
3424225;"Black & Decker 5.2a 3.25"" Planer Kit"
3424229;Dual-temp Ultra Glue Gun
3424234;Got Air Heavy Duty Portable Air Compressor
3424238;Dewalt Dwt-dck212s2 12v Max Drill
3424244;Black & Decker Matrix Sanding Head Attachment
3424245;Black & Decker 56-piece Project Kit With 7.2v Lithium Drill/driver
3424247;Black & Decker Matrix Trim Saw Head Attachment
3424248;Skil 360 Quick-select 4v Max 1.5ah Lithium-ion Screwdriver
3424249;Dewalt Dcf610s2r Drills / Drivers 
3424256;Irwin 30-piece Drive Set
3424258;Hitachi 18-volt Lithium-ion Cordless Impact Driver
3424260;Bostitch 29-piece Screwdriving Set
3424261;Bostitch Air Tool Inline Lubricator
3424268;Black And Decker 3.6 Volt Lithium Ion Screwdriver
3424269;"Powryte 3/8"" Air Impact Wrench"
3424270;"Black & Decker 7-1/4"" 15-amp Circular Saw"
3424273;Black & Decker Random Orbit Sander
3424276;Skil 120v 1-3/4 Hp Fixed Base Router
3424278;Black & Decker Matrix Jig Saw Head Attachment
3424284;Black & Decker Lithium Saw
3424289;Stanley Fatmax 7a Hammer Drill
3424291;Ad-tech: High-temp Glue Sticks
3424292;Bostitch Low-profile Paper Tape Framing Nailer
3424293;Lincoln Industrial Grease Gun Cordless With Case
3424296;Black & Decker 2.4v Direct Plug Screwdriver
3424298;Dremel 160-piece Accessory Kit
3424308;Speare Tools Adjustable Quick-cutter Hole Saw
3424310;Rotozip Ss355-10 Rotosaw
3424311;Bostitch Gravity Feed Spray Air Gun
3424315;Bostitch 100 Ft Air Compressor Hose Prozhoze
3424318;Great Neck 4.8v Cordless Screwdriver
3424325;Bostitch Prozhoze
3424331;Skil 4-position Orbital Jigsaw With Laser Guide
3424333;"Ad Tech Multi-temp Standard 10"" Glue Sticks"
3424334;Bostitch Low-profile Paper Tape Framing Nailer
3424335;Bostitch 6 Gallon
3424338;Bostitch Air Tool Inline Lubricator
3424341;Edsal Heavy-duty Steel Workbench
3424343;Edsal Heavy-duty Steel Workbench
3424344;Black & Decker 6.0 Amp Accu-trak Saw With Smartselect
3424346;"Powryte 3/8"" Air Impact Wrench"
3424348;Black & Decker 20-volt Matrix Drill
3424349;Hitachi 18-volt Lithium-ion Cordless Impact Driver
3424351;Black And Decker Pivot Screwdriver
3424352;Speare Tools Adjustable Quick-cutter Hole Saw
3424355;Metabo W8-115qwc Compact Class Professional Series Angle Grinder
3424357;Stanley Fatmax 7a Hammer Drill
3424361;Black & Decker 16v Max Lithium Cordless Driver/drill With Exposed Gear Box
3424371;Fpc Glue Sticks
3424372;Black And Decker Pivot Screwdriver
3424376;Skil 120v 1-3/4 Hp Fixed Base Router
3424392;Dremel Multi-vise
3424401;Black & Decker Lithium Saw
3424403;Bostitch 6 Gallon
3424405;Powryte Dual Action Air Sander
3424407;Skil 4v Max Lithium-ion Screwdriver
3424410;Bostitch 2.5 Gallon
3424423;Dremel 160-piece Accessory Kit
3424424;Bostitch 37-piece Quick Load Screwdriving Set
3424425;"Bostitch .5"" Vsr 2-speed Hammerdrill/drill"
3424426;Black & Decker 3-speed Rtx Rotary Tool With Bonus Spring Clamps
3424430;"Skil 7-1/4"" 40-tooth Carbide Tipped Circular Saw Blade"
3424431;Bostitch Industrial Air Tool Swivel Plug
3424433;Dual-temp Mini Glue Gun Kit
3424434;"Black & Decker 16"" 3.4 Amp Powered Handsaw With Storage Bag"
3424436;Bostitch 1-1/2 Air Pressure Gauge
3424438;Dual-temp Ultra Glue Gun
3424442;Dewalt Dcf610s2r Drills / Drivers 
3424443;Edsal Heavy-duty Steel Workbench
3424446;Dremel Universal Carbide Flush Cut Blade
3424451;"Black And Decker 1/2"" 7-amp Variable Speed Drill"
3424452;Bostitch 37-piece Quick Load Screwdriving Set
3424453;All Purpose Stik Glue Sticks
3424454;"Black & Decker 7-1/4"" 15-amp Circular Saw"
3424457;Bostitch Gravity Feed Spray Air Gun
3424459;Bostitch 37-piece Quick Load Screwdriving Set
3424460;Stanley Fatmax 7a Hammer Drill
3424466;Bostitch Air Compressor Blowgun
3424467;Dremel 8300-01 12v Cordless Multi-max Oscillating Kit
3424469;Bostitch 6 Gallon
3424470;Black And Decker Platinum 20v Drill/driver With 2 Batteries
3424477;I-bond Cordless Hot Glue Gun
3424487;Edsal Heavy-duty Steel Workbench
3424489;"Cadet 66"" Work Surface"
3424490;Bostitch Prozhoze
3424492;Imaginisce I-bond Mini Glue Sticks
3424494;Got Air Heavy Duty Portable Air Compressor
3424495;"Ad Tech Multi-temp Full Size 4"" Glue Sticks"
3424499;Dremel 7-piece Saw-max Cutting Kit
3424509;Irwin 30-piece Drive Set
3424512;Edsal Heavy-duty Workbench
3424516;Rubbermaid Wall Washer Replacement Pads
3424517;Bostitch Air Tool Inline Lubricator
3424525;Bostitch Industrial Air Tool Swivel Plug
3424529;Bostitch Prozhoze
3424532;Imaginisce I-bond Mini Glue Sticks
3424537;Skil 4-position Orbital Jigsaw With Laser Guide
3424538;Dremel 160-piece Accessory Kit
3424542;Edsal Heavy-duty Workbench
3424546;Black And Decker Platinum 20v Drill/driver With 2 Batteries
3424551;Lincoln Lubrication Ac2440 120-volt Corded Grease Gun
3424554;Rotozip Ss355-10 Rotosaw
3424556;Irwin 7-piece Drive Set
3424557;Dremel 8v Max Cordless Rotary Tool
3424558;Worx Semi Automatic Sd Driver
3424559;Black & Decker Random Orbit Sander
3424562;Dremel Universal Carbide Flush Cut Blade
3424565;Hitachi 18-volt Lithium-ion Cordless Impact Driver
3424567;"Bostitch 7 Amp 4.5"" Angle Grinder"
3424578;Skil 4-position Orbital Jigsaw With Laser Guide
3424580;Skil 360 Quick-select 4v Max 1.5ah Lithium-ion Screwdriver
3424581;Bostitch Prozhoze
3424582;Lincoln Lubrication Ac2440 120-volt Corded Grease Gun
3424588;Black & Decker 20v Max Lithium Drill/driver
3424592;Dewalt Dcf610s2r Drills / Drivers 
3424593;All Purpose Stik Glue Sticks
3424601;Dewalt Dwt-dck212s2 12v Max Drill
