PaymentID,Products,ProductName
3423612,10114,"Black & Decker 16"" 3.4 Amp Powered Handsaw With Storage Bag"
3423616,10220,Bostitch 26 Gallon
3423617,10208,Edsal Heavy-duty Workbench
3423618,10031,Black & Decker 20-volt Matrix Drill
3423620,10336,"Ad Tech Multi-temp Full Size 4"" Glue Sticks"
3423626,10028,Black & Decker 1/4 Sheet Finisher Sander
3423637,10242,Dremel Universal Drywall Jab Saw Blade
3423648,10348,"Black And Decker 1/2"" 7-amp Variable Speed Drill"
3423653,10182,Imaginisce I-bond Mini Glue Sticks
3423654,10114,"Black & Decker 16"" 3.4 Amp Powered Handsaw With Storage Bag"
3423655,10015,Bostitch 18v Lithium Drill/impact Combo Kit
3423659,10079,Bostitch Prozhoze
3423661,10220,Bostitch 26 Gallon
3423665,10126,All Purpose Stik Glue Sticks
3423667,10231,Black & Decker 6.0 Amp Accu-trak Saw With Smartselect
3423670,10110,Bostitch Air Tool Inline Lubricator
3423675,10242,Dremel Universal Drywall Jab Saw Blade
3423679,10276,"Black And Decker 3/8"" 5-amp Variable Speed Drill With Keyless Chuck"
3423680,10015,Bostitch 18v Lithium Drill/impact Combo Kit
3423691,10317,Black & Decker Matrix Jig Saw Head Attachment
3423692,10079,Bostitch Prozhoze
3423697,10300,"Black & Decker 6.5a .5"" Vsr 2-speed Hammer Drill"
3423698,10093,Rubbermaid Wall Washer Replacement Pads
3423702,10071,"Bostitch 6.5 Amp 3/8"" Drill"
3423712,10340,Dremel Saw-max Tool Kit
3423716,10077,"Skil 7-1/4"" 150-tooth Steel Circular Saw Blade"
3423718,10040,Hitachi 18-volt Lithium-ion Cordless Impact Driver
3423725,10207,I-bond Cordless Hot Glue Gun
3423726,10191,Skil 4v Max Lithium-ion Screwdriver
3423729,10345,"Skil 7-1/4"" 40-tooth Carbide Tipped Circular Saw Blade"
3423730,10126,All Purpose Stik Glue Sticks
3423735,10030,Dremel Universal Carbide Flush Cut Blade
3423740,10157,Bostitch 29-piece Screwdriving Set
3423742,10035,Stanley Fatmax 7a Hammer Drill
3423747,10090,"Powryte 3/8"" Air Impact Wrench"
3423763,10022,Dremel Multi-max Mm40 Tool Kit
3423764,10216,Ad-tech: High-temp Glue Sticks
3423765,10094,Dewalt Dcf610s2r Drills / Drivers 
3423768,10059,Great Neck 4.8v Cordless Screwdriver
3423770,10167,Black & Decker 20v Max Lithium Drill/driver
3423773,10257,Bostitch Low-profile Paper Tape Framing Nailer
3423774,10030,Dremel Universal Carbide Flush Cut Blade
3423778,10174,Black & Decker Smart Select Linefinder Orbital Jigsaw
3423781,10320,Dremel 8v Max Cordless Rotary Tool
3423785,10231,Black & Decker 6.0 Amp Accu-trak Saw With Smartselect
3423786,10243,Bostitch Industrial Air Tool Swivel Plug
3423790,10348,"Black And Decker 1/2"" 7-amp Variable Speed Drill"
3423799,10300,"Black & Decker 6.5a .5"" Vsr 2-speed Hammer Drill"
3423803,10289,Weller Welwes51 Analog Soldering Station With Power Unit
3423811,10167,Black & Decker 20v Max Lithium Drill/driver
3423812,10114,"Black & Decker 16"" 3.4 Amp Powered Handsaw With Storage Bag"
3423814,10178,Bostitch 6 Gallon
3423816,10030,Dremel Universal Carbide Flush Cut Blade
3423819,10267,Ad Tech Designer Series Lo Temp Mini Glue Gun
3423820,10071,"Bostitch 6.5 Amp 3/8"" Drill"
3423821,10089,Bostitch 100 Ft Air Compressor Hose Prozhoze
3423836,10035,Stanley Fatmax 7a Hammer Drill
3423839,10216,Ad-tech: High-temp Glue Sticks
3423842,10238,Black & Decker 58-piece Project Kit With 12v Lithium Drill/driver
3423843,10174,Black & Decker Smart Select Linefinder Orbital Jigsaw
3423858,10317,Black & Decker Matrix Jig Saw Head Attachment
3423859,10053,Rotozip Ss355-10 Rotosaw
3423860,10163,Black & Decker Matrix Trim Saw Head Attachment
3423863,10191,Skil 4v Max Lithium-ion Screwdriver
3423873,10113,"Bostitch 3/8"" Air Ratchet"
3423880,10208,Edsal Heavy-duty Workbench
3423882,10264,Metabo W8-115qwc Compact Class Professional Series Angle Grinder
3423883,10329,Bostitch 2.5 Gallon
3423884,10187,Bostitch 37-piece Quick Load Screwdriving Set
3423886,10059,Great Neck 4.8v Cordless Screwdriver
3423887,10345,"Skil 7-1/4"" 40-tooth Carbide Tipped Circular Saw Blade"
3423890,10174,Black & Decker Smart Select Linefinder Orbital Jigsaw
3423899,10244,"Black & Decker 5.2a 3.25"" Planer Kit"
3423907,10323,Black & Decker 18v Cordless Drill Set
3423909,10307,Black & Decker 56-piece Project Kit With 7.2v Lithium Drill/driver
3423911,10280,Black & Decker Random Orbit Sander
3423916,10215,Bostitch 1-1/2 Air Pressure Gauge
3423918,10297,Black And Decker Platinum 20v Drill/driver With 2 Batteries
3423919,10015,Bostitch 18v Lithium Drill/impact Combo Kit
3423923,10276,"Black And Decker 3/8"" 5-amp Variable Speed Drill With Keyless Chuck"
3423938,10079,Bostitch Prozhoze
3423942,10340,Dremel Saw-max Tool Kit
3423945,10231,Black & Decker 6.0 Amp Accu-trak Saw With Smartselect
3423950,10207,I-bond Cordless Hot Glue Gun
3423953,10014,Powryte Dual Action Air Sander
3423954,10242,Dremel Universal Drywall Jab Saw Blade
3423955,10336,"Ad Tech Multi-temp Full Size 4"" Glue Sticks"
3423956,10110,Bostitch Air Tool Inline Lubricator
3423958,10336,"Ad Tech Multi-temp Full Size 4"" Glue Sticks"
3423959,10074,"Black & Decker 5.2 Amp 3/8"" Drill And Driver With Storage Bag"
3423960,10286,Dremel 160-piece Accessory Kit
3423966,10191,Skil 4v Max Lithium-ion Screwdriver
3423972,10280,Black & Decker Random Orbit Sander
3423974,10285,"Bostitch .5"" Vsr 2-speed Hammerdrill/drill"
3423976,10131,Dremel 8300-01 12v Cordless Multi-max Oscillating Kit
3423977,10227,"Bostitch 18v Lithium .25"" Hex Chuck Impact Driver Kit"
3423984,10306,Fpc Glue Sticks
3423985,10267,Ad Tech Designer Series Lo Temp Mini Glue Gun
3423988,10033,Got Air Heavy Duty Portable Air Compressor
3423993,10231,Black & Decker 6.0 Amp Accu-trak Saw With Smartselect
3423995,10243,Bostitch Industrial Air Tool Swivel Plug
3424001,10022,Dremel Multi-max Mm40 Tool Kit
3424003,10015,Bostitch 18v Lithium Drill/impact Combo Kit
3424006,10075,Edsal Heavy-duty Steel Workbench
3424010,10317,Black & Decker Matrix Jig Saw Head Attachment
3424015,10131,Dremel 8300-01 12v Cordless Multi-max Oscillating Kit
3424019,10187,Bostitch 37-piece Quick Load Screwdriving Set
3424024,10304,Dual-temp Mini Glue Gun Kit
3424026,10304,Dual-temp Mini Glue Gun Kit
3424032,10052,Black And Decker Pivot Screwdriver
3424039,10111,Worx Semi Automatic Sd Driver
3424050,10103,"Bostitch 18v Lithium 1/2"" Drill/driver Kit"
3424067,10052,Black And Decker Pivot Screwdriver
3424068,10346,Black & Decker Lithium Saw
3424071,10334,"Ad Tech Multi-temp Standard 10"" Glue Sticks"
3424076,10104,Powryte Air Reciprocating Saw
3424086,10167,Black & Decker 20v Max Lithium Drill/driver
3424090,10097,Black & Decker 3-speed Rtx Rotary Tool With Bonus Spring Clamps
3424091,10238,Black & Decker 58-piece Project Kit With 12v Lithium Drill/driver
3424095,10243,Bostitch Industrial Air Tool Swivel Plug
3424104,10093,Rubbermaid Wall Washer Replacement Pads
3424108,10306,Fpc Glue Sticks
3424112,10116,Bostitch Air Compressor Blowgun
3424114,10244,"Black & Decker 5.2a 3.25"" Planer Kit"
3424115,10209,Black & Decker Matrix Sanding Head Attachment
3424116,10276,"Black And Decker 3/8"" 5-amp Variable Speed Drill With Keyless Chuck"
3424118,10097,Black & Decker 3-speed Rtx Rotary Tool With Bonus Spring Clamps
3424123,10243,Bostitch Industrial Air Tool Swivel Plug
3424125,10028,Black & Decker 1/4 Sheet Finisher Sander
3424126,10126,All Purpose Stik Glue Sticks
3424132,10071,"Bostitch 6.5 Amp 3/8"" Drill"
3424135,10276,"Black And Decker 3/8"" 5-amp Variable Speed Drill With Keyless Chuck"
3424142,10053,Rotozip Ss355-10 Rotosaw
3424143,10028,Black & Decker 1/4 Sheet Finisher Sander
3424144,10161,Skil 4-position Orbital Jigsaw With Laser Guide
3424151,10022,Dremel Multi-max Mm40 Tool Kit
3424152,10028,Black & Decker 1/4 Sheet Finisher Sander
3424158,10174,Black & Decker Smart Select Linefinder Orbital Jigsaw
3424165,10329,Bostitch 2.5 Gallon
3424167,10264,Metabo W8-115qwc Compact Class Professional Series Angle Grinder
3424170,10329,Bostitch 2.5 Gallon
3424175,10238,Black & Decker 58-piece Project Kit With 12v Lithium Drill/driver
3424176,10111,Worx Semi Automatic Sd Driver
3424177,10111,Worx Semi Automatic Sd Driver
3424179,10030,Dremel Universal Carbide Flush Cut Blade
3424184,10258,Dual-temp Ultra Glue Gun
3424199,10139,Irwin 30-piece Drive Set
3424204,10027,Bostitch Gravity Feed Spray Air Gun
3424207,10163,Black & Decker Matrix Trim Saw Head Attachment
3424211,10186,Swisher 28 Ton 8.75 Gross Torque Log Splitter
3424214,10216,Ad-tech: High-temp Glue Sticks
3424217,10191,Skil 4v Max Lithium-ion Screwdriver
3424221,10092,Chicago Power Tools Power Drill Accessory Set
3424222,10191,Skil 4v Max Lithium-ion Screwdriver
3424225,10244,"Black & Decker 5.2a 3.25"" Planer Kit"
3424229,10258,Dual-temp Ultra Glue Gun
3424234,10033,Got Air Heavy Duty Portable Air Compressor
3424238,10293,Dewalt Dwt-dck212s2 12v Max Drill
3424244,10209,Black & Decker Matrix Sanding Head Attachment
3424245,10307,Black & Decker 56-piece Project Kit With 7.2v Lithium Drill/driver
3424247,10163,Black & Decker Matrix Trim Saw Head Attachment
3424248,10029,Skil 360 Quick-select 4v Max 1.5ah Lithium-ion Screwdriver
3424249,10094,Dewalt Dcf610s2r Drills / Drivers 
3424256,10139,Irwin 30-piece Drive Set
3424258,10040,Hitachi 18-volt Lithium-ion Cordless Impact Driver
3424260,10157,Bostitch 29-piece Screwdriving Set
3424261,10110,Bostitch Air Tool Inline Lubricator
3424268,10250,Black And Decker 3.6 Volt Lithium Ion Screwdriver
3424269,10090,"Powryte 3/8"" Air Impact Wrench"
3424270,10069,"Black & Decker 7-1/4"" 15-amp Circular Saw"
3424273,10280,Black & Decker Random Orbit Sander
3424276,10177,Skil 120v 1-3/4 Hp Fixed Base Router
3424278,10317,Black & Decker Matrix Jig Saw Head Attachment
3424284,10346,Black & Decker Lithium Saw
3424289,10035,Stanley Fatmax 7a Hammer Drill
3424291,10216,Ad-tech: High-temp Glue Sticks
3424292,10257,Bostitch Low-profile Paper Tape Framing Nailer
3424293,10115,Lincoln Industrial Grease Gun Cordless With Case
3424296,10066,Black & Decker 2.4v Direct Plug Screwdriver
3424298,10286,Dremel 160-piece Accessory Kit
3424308,10117,Speare Tools Adjustable Quick-cutter Hole Saw
3424310,10053,Rotozip Ss355-10 Rotosaw
3424311,10027,Bostitch Gravity Feed Spray Air Gun
3424315,10089,Bostitch 100 Ft Air Compressor Hose Prozhoze
3424318,10059,Great Neck 4.8v Cordless Screwdriver
3424325,10079,Bostitch Prozhoze
3424331,10161,Skil 4-position Orbital Jigsaw With Laser Guide
3424333,10334,"Ad Tech Multi-temp Standard 10"" Glue Sticks"
3424334,10257,Bostitch Low-profile Paper Tape Framing Nailer
3424335,10178,Bostitch 6 Gallon
3424338,10110,Bostitch Air Tool Inline Lubricator
3424341,10075,Edsal Heavy-duty Steel Workbench
3424343,10075,Edsal Heavy-duty Steel Workbench
3424344,10231,Black & Decker 6.0 Amp Accu-trak Saw With Smartselect
3424346,10090,"Powryte 3/8"" Air Impact Wrench"
3424348,10031,Black & Decker 20-volt Matrix Drill
3424349,10040,Hitachi 18-volt Lithium-ion Cordless Impact Driver
3424351,10052,Black And Decker Pivot Screwdriver
3424352,10117,Speare Tools Adjustable Quick-cutter Hole Saw
3424355,10264,Metabo W8-115qwc Compact Class Professional Series Angle Grinder
3424357,10035,Stanley Fatmax 7a Hammer Drill
3424361,10253,Black & Decker 16v Max Lithium Cordless Driver/drill With Exposed Gear Box
3424371,10306,Fpc Glue Sticks
3424372,10052,Black And Decker Pivot Screwdriver
3424376,10177,Skil 120v 1-3/4 Hp Fixed Base Router
3424392,10063,Dremel Multi-vise
3424401,10346,Black & Decker Lithium Saw
3424403,10178,Bostitch 6 Gallon
3424405,10014,Powryte Dual Action Air Sander
3424407,10191,Skil 4v Max Lithium-ion Screwdriver
3424410,10329,Bostitch 2.5 Gallon
3424423,10286,Dremel 160-piece Accessory Kit
3424424,10187,Bostitch 37-piece Quick Load Screwdriving Set
3424425,10285,"Bostitch .5"" Vsr 2-speed Hammerdrill/drill"
3424426,10097,Black & Decker 3-speed Rtx Rotary Tool With Bonus Spring Clamps
3424430,10345,"Skil 7-1/4"" 40-tooth Carbide Tipped Circular Saw Blade"
3424431,10243,Bostitch Industrial Air Tool Swivel Plug
3424433,10304,Dual-temp Mini Glue Gun Kit
3424434,10114,"Black & Decker 16"" 3.4 Amp Powered Handsaw With Storage Bag"
3424436,10215,Bostitch 1-1/2 Air Pressure Gauge
3424438,10258,Dual-temp Ultra Glue Gun
3424442,10094,Dewalt Dcf610s2r Drills / Drivers 
3424443,10075,Edsal Heavy-duty Steel Workbench
3424446,10030,Dremel Universal Carbide Flush Cut Blade
3424451,10348,"Black And Decker 1/2"" 7-amp Variable Speed Drill"
3424452,10187,Bostitch 37-piece Quick Load Screwdriving Set
3424453,10126,All Purpose Stik Glue Sticks
3424454,10069,"Black & Decker 7-1/4"" 15-amp Circular Saw"
3424457,10027,Bostitch Gravity Feed Spray Air Gun
3424459,10187,Bostitch 37-piece Quick Load Screwdriving Set
3424460,10035,Stanley Fatmax 7a Hammer Drill
3424466,10116,Bostitch Air Compressor Blowgun
3424467,10131,Dremel 8300-01 12v Cordless Multi-max Oscillating Kit
3424469,10178,Bostitch 6 Gallon
3424470,10297,Black And Decker Platinum 20v Drill/driver With 2 Batteries
3424477,10207,I-bond Cordless Hot Glue Gun
3424487,10075,Edsal Heavy-duty Steel Workbench
3424489,10277,"Cadet 66"" Work Surface"
3424490,10079,Bostitch Prozhoze
3424492,10182,Imaginisce I-bond Mini Glue Sticks
3424494,10033,Got Air Heavy Duty Portable Air Compressor
3424495,10336,"Ad Tech Multi-temp Full Size 4"" Glue Sticks"
3424499,10203,Dremel 7-piece Saw-max Cutting Kit
3424509,10139,Irwin 30-piece Drive Set
3424512,10208,Edsal Heavy-duty Workbench
3424516,10093,Rubbermaid Wall Washer Replacement Pads
3424517,10110,Bostitch Air Tool Inline Lubricator
3424525,10243,Bostitch Industrial Air Tool Swivel Plug
3424529,10079,Bostitch Prozhoze
3424532,10182,Imaginisce I-bond Mini Glue Sticks
3424537,10161,Skil 4-position Orbital Jigsaw With Laser Guide
3424538,10286,Dremel 160-piece Accessory Kit
3424542,10208,Edsal Heavy-duty Workbench
3424546,10297,Black And Decker Platinum 20v Drill/driver With 2 Batteries
3424551,10171,Lincoln Lubrication Ac2440 120-volt Corded Grease Gun
3424554,10053,Rotozip Ss355-10 Rotosaw
3424556,10146,Irwin 7-piece Drive Set
3424557,10320,Dremel 8v Max Cordless Rotary Tool
3424558,10111,Worx Semi Automatic Sd Driver
3424559,10280,Black & Decker Random Orbit Sander
3424562,10030,Dremel Universal Carbide Flush Cut Blade
3424565,10040,Hitachi 18-volt Lithium-ion Cordless Impact Driver
3424567,10181,"Bostitch 7 Amp 4.5"" Angle Grinder"
3424578,10161,Skil 4-position Orbital Jigsaw With Laser Guide
3424580,10029,Skil 360 Quick-select 4v Max 1.5ah Lithium-ion Screwdriver
3424581,10079,Bostitch Prozhoze
3424582,10171,Lincoln Lubrication Ac2440 120-volt Corded Grease Gun
3424588,10167,Black & Decker 20v Max Lithium Drill/driver
3424592,10094,Dewalt Dcf610s2r Drills / Drivers 
3424593,10126,All Purpose Stik Glue Sticks
3424601,10293,Dewalt Dwt-dck212s2 12v Max Drill
